"","AC.PA.Close","AI.PA.Close","AIR.PA.Close","ATO.PA.Close","BNP.PA.Close","CAP.PA.Close","CS.PA.Close","ENGI.PA.Close","GLE.PA.Close","KER.PA.Close"
"1",0.0288828917189456,-0.0234679767095507,-0.00307749363492871,0.0264781389011084,-0.00471351115301299,0.00585373479846485,-0.0193731138274646,0.0043613588230289,-0.00434177523726698,-0.0711470751807894
"2",-0.0107335735483582,-0.0136306720875083,-0.0230726508927619,-0.0512932292034227,0.009258604385602,-0.0221302361381142,-0.0132257847914348,-0.000310844766734597,-0.00734500069521538,0.00351976468270543
"3",0.0138129850294897,0.008459923404323,-0.00925291287211127,0.00921421617906493,-0.0199459733115219,0.00989617150885902,0.00147817436381992,0.00124303667801717,0.00951820704596162,0.0320208474562031
"4",-0.0118964052191397,-0.00422101544083908,-0.00741314548877714,0.175484819178024,0.0105396814263168,0.0117475352981753,0.00999420920413696,0.00927361309155739,0.00981940368228784,-0.00682905946658963
"5",-0.0113130922587938,-0.00282397164754578,-0.00785631752521887,-0.116464622483712,-0.00162566516055396,-0.0376842121691832,-0.0525409765708069,0.00123004059064336,-0.00765083479576711,-0.0169762777400679
"6",-0.0114426376195209,-0.0154548591712507,-0.00713680356343627,-0.0019782721624324,-0.00236937272109827,0.0067984959032179,-0.0177270321516834,-0.0670411559886754,0.0156314837150346,-0.0220597558808144
"7",0.00512882028012207,-0.00243314689115248,0.00493632147703238,0.0730112010908606,0.00281297759782717,0.0166733042701992,-0.0139022942430929,-0.00164450439456898,-0.0531521645210162,0.0176560976099074
"8",0.0161898420791711,0.00706170212136037,0.0149199380133425,-0.0451842155839524,0.00868488502073905,0.00197235710126353,0.0245140744002348,0.00590747727952134,-0.0102754706318855,-0.00534067055698806
"9",-0.00264012172875772,0.0113700056430783,0.0139454397318044,-0.0111354161043815,0.0198801453892381,0.0102917157952778,0.0132615764770017,0.0113878043848912,0.0246875559381414,0.0092896985401616
"10",-0.00337023396913461,0.01381862402528,0.0166056854091146,-0.022151981824253,0.00487322112555511,0.0072868913911428,0.0194180678768161,0.01221883573271,0.00562707659845474,0.00378243881446316
"11",-0.024409314643167,0.00224901162998226,0.00567971739151218,-0.00199305750300649,0.00953401962985545,-0.00533855229191804,0.00509523010936563,0.00287213362046002,0.0123482732071212,0.00647249607156297
"12",0.0239269109366282,-0.00171306086273404,-0.0161354258585362,-0.000498885663327009,0.00832098938392534,-0.000486766157098195,0.00803935995222282,0.00951485601862556,0.0257927484441294,-0.00240344949195759
"13",0.0062529862714622,-0.00332748043131037,-0.0118314130671102,0.026589482574904,0.00602116672617825,0.0019455704495126,-0.000890152678924672,-0.00855926788668349,0.0130320031631248,0.000150350529048104
"14",-0.00915221343210204,0.00279152966406215,0.00467372938059718,0.0187731232170512,-0.0015368583540738,0.00629695964417909,-0.00804654827783224,0.00508098421064629,0.0371900821336997,0.0189176894986538
"15",0.0117860138762,0.00182104390618765,0.00815820693119118,0.00475736258872228,0.0032107707114637,0.00913245409192776,-0.0014972076230233,0.00505529826500117,0.00658259132031258,-0.0063651871726158
"16",-0.0117860138762,-0.00967856000083067,-0.00652117475406122,0.00756507384093208,-0.00195311709760926,-0.00961545869944214,0.00537957992228533,-0.00537211211256716,-0.00621574505252553,0.0134229840772226
"17",0.000967281827802591,0.003021170031273,0,-0.0156661768265831,0.00972766088168697,0.00193047310134187,0.00416417597857022,-0.000633868493304046,-0.00128451611746172,-0.0273298232750774
"18",0.00554417593270973,-0.000862299248095333,0.0123789994078889,0,0.00812626152192752,0.00336949636260186,0.00177940066264926,-0.00955729291746943,0.0223341025074064,0.0115279552235217
"19",-0.0174591585639234,-0.00443075332871778,0.00248227692308678,-0.0120338381360714,-0.0645934668452082,0.00718221883740089,0.00472953431921797,0,-0.0144694014997571,-0.00777052975867676
"20",0.000489128332795907,-0.0101235989774899,-0.00584325943017028,0.0134682390051868,-0.0120713925304452,-0.00958780087461619,-0.0103750291182809,0.00383389730002603,-0.0071304697730592,-0.00949587053545553
"21",0,-0.00592566999099198,0.00547131993358896,0.0128176589211106,-0.00638885358031338,0.0270864590925575,-0.00537797228712833,-0.0128371957947189,0.0071304697730592,0.00754378968625424
"22",-0.0061312268254925,0.00285749067743435,-0.0134833734547968,-0.0311402558215663,0.00178708537021333,-0.00140747407522923,0.00656907132374718,-0.00129279296354534,-0.00493107495208589,-0.000601358272874997
"23",0.00466312350188547,0.00787056016079024,0.00213454531875534,-0.0316388307471849,-0.00223432772819709,0.00421642184449933,0.00267499509979485,0.00161574562711619,-0.0116012211715009,0.00225343736157413
"24",-0.00490920878096768,-0.0117190699251069,-0.00629091127154702,-0.00554016719452388,0.0108270003164339,-0.0179249506524437,-0.00954375590085554,-0.000645948032485855,0.00940182635052755,-0.00617152042871805
"25",-0.0218914486783204,-0.0131967471022207,-0.0109138212355084,-0.0101523280670008,-0.0127674032760421,-0.0333929362156473,-0.0099382843925917,-0.00453372850664291,-0.00644270004345682,-0.0233723125587613
"26",0.0127454466573118,0.0070082505948843,0.0149445570354407,0.00203866519503393,0.0127674032760421,-0.0447873285960174,0.00120994914536476,-0.00292540934694197,0.0110193670708685,-0.00900485472771262
"27",-0.00948113561427588,0.000221668491168892,-0.0203182367929697,-0.16156093240745,-0.00132857010765441,-0.045809518852395,-0.000907382294513148,0.0113288276550256,0.000547772854584405,-0.0106617309688453
"28",0.0062476775461735,0.0123363047725737,-0.00385598710816648,-0.202267785453697,0.00530349836081268,0.0002692945092031,0.00271945036775501,-0.000321913056599676,-0.0156382265433201,0.0154847283940622
"29",-0.00524539944472302,-0.00241127953079001,-0.0175385909581856,-0.155861559496356,-0.0182375242797059,0.0176192658977339,-0.0115327858314318,-0.00257898031353587,-0.0202292315635089,0.000465494308183878
"30",-0.0169217826221781,0.0131904317835616,0.00379349381980632,-0.069115221558973,-0.00901852573878781,0.0157524919037364,0.0106271622435927,0.00129035229282248,-0.016213964862938,0.00294326670532286
"31",-0.00357232823266429,0.00443027438438914,0.0022172268624514,0.0622423186233929,0.00931769753965472,0.00804260692174186,0.00901988180832314,-0.0041996853338242,0.000384550238841097,0.00831801516920638
"32",-0.00409836258788454,0.00954992623497564,-0.023195585433184,0,-0.00720609218182133,0.00900327624995878,-0.00690795784165221,-0.0292351055094624,0.000384402416798046,0.00657442574849032
"33",-0.00334226437592688,-0.0126166720621264,-0.00360645067328313,-0.0173917582430496,-0.0487826865404104,-0.0113315502014286,-0.0259516455861446,-0.0325231601791369,-0.0774838734048542,-0.00045726360768672
"34",-0.00620001139563975,-0.0132928206872318,-0.00644388518021799,-0.163758059496863,-0.0396954197796493,-0.0164516528408098,-0.0165293825794119,-0.0191210810069622,-0.051555572541758,-0.0265734958420705
"35",0.0159386134513015,0.0198144903039905,0.00577454507715913,-0.230715010857139,0.0174598495467908,0.00812907630551241,0.0140517774474573,-0.0173486303008525,0.0207709557214302,-0.00801707771193172
"36",-0.021916527028524,-0.0357331396846039,-0.0241236628142323,-0.00417318082318019,-0.0298823695453478,-0.0286111907875473,-0.0411450194604677,-0.0267840755105651,-0.0164080136440763,-0.00712761419985686
"37",-0.0352869039661101,-0.0248028589333966,-0.0136732719050467,0.136141603873134,-0.0268574567822411,-0.0203617727705989,-0.0503584511663853,-0.0267673712644458,-0.0363515075388281,-0.0390617297372211
"38",0.00699685678200712,0.00688237773209366,0.0136732719050467,0.119403789804784,0.0124203986640188,0.00273897728964378,0.0185159047905543,-0.00491034286880776,0.0116698017348811,0.0070822791890901
"39",0.0159619901797159,0.0116539232886792,0.0157868825744822,0.13251875679349,0.00539629806870767,0.00518346237837886,0.0181793518321487,0.00716850959723558,0.000892081133897715,0.0196642990278182
"40",0.0144113394545222,-0.00543809043585686,-0.00121592041776353,0.416047238840888,-0.0126937476905526,-0.00245196659830782,-0.00196725877514758,-0.00678992814670698,-0.016180155696798,-0.00678189598066403
"41",0.0136936022982748,0.0179321809405488,0.00552742946811691,0.0173917282161007,0.0235661727229477,0.0298289099832116,0.0153072919435093,0.0239353010246743,0.0152880745629003,0.0241708054917229
"42",-0.0126535367734326,-0.00868028027739154,-0.00121068608316133,-0.393894364545492,-0.0130611160722234,-0.0127899912207203,-0.0123579155833813,0.0143095927427384,-0.0139296552191355,0.0124167008444811
"43",0.0180278064041048,0.0114760728873486,0.00134515051108686,-0.0848832768511176,0.0321752230760586,0.00321288685222409,0.0110642247357888,0.000364171250099687,0.0203791586058726,0.0127271809110105
"44",0.00483765751999909,0.0106256117566375,-0.0988248860973764,0.10554603022811,-0.011655702403087,0.0130130474131276,-0.00454101948006569,-0.00401382418373109,-0.0122673385126517,0.00292594858942063
"45",-0.0156153341069967,-0.0102614342112002,-0.0285992032903444,-0.0691120962848979,-0.00513205943496509,-0.00502578463271153,-0.00325628361144137,-0.00219617454735976,-0.00247164731404093,0.00414335317270975
"46",-0.00647083947687044,-0.00816338121129867,-0.00259916318052333,0.0368785993452327,-0.00382472473169049,-0.00318728611665531,-0.00950356177560518,-0.0169997066744081,-0.00247777149442552,0.0456495268875736
"47",-0.00546802797508761,-0.01354865524746,-0.0183860330978316,-0.162518887837669,-0.0081974809794545,-0.0120435018482601,0.00656381922860261,-0.00598132053933886,-0.0113405615091571,-0.00955538325172967
"48",-0.00287621098852542,0.00827418343962716,0.0260115085462518,-0.00345427018547806,0.0353171926526086,0.0213114089288302,0.0223202063953147,0.0291910259448378,0.0305504575970539,-0.00741293238912544
"49",0.000785305472999376,0.00159760258634556,0.00182153578957411,-0.0838152812892652,-0.00716030129849798,0.00315792948498217,-0.00384618550959681,0.00978447612037492,-0.00599137384305859,-0.0199901263444984
"50",0.0260827778017627,0.00807141509258091,0.0295852403758525,-0.0613858296916003,0.0242025367975582,0.00941431120843994,0.016876716153968,0.00826004150162563,0.0215772250631816,0.00378817023015277
"51",0.00862949913228483,0.00728156725533147,0.00191225889919089,-0.105125202099916,0.0187924780006936,-0.00312829292640604,0.0128629771164994,0.00854712037723138,0.0245278948783847,0.0157554460373532
"52",-0.0235244331721987,-0.0117983925266056,0.00132162933221291,-0.0501243504866333,-0.00407585335495408,-0.00182938040878167,-0.00374774782404019,0.0133851648335761,0.00635593759067055,-0.00238491190049395
"53",0.00824533616196055,0.00183355464760293,-0.0044124657734228,-0.0449766746335514,-0.0177500527882639,-0.00840557014956023,0.00156320929403275,-0.00526223343503851,-0.0127525316718593,-0.0283029882241594
"54",-0.00334150332304173,-0.0182405320855832,-0.0287100796777864,-0.0543547740925541,-0.0237856244308672,-0.0240267827386624,-0.0119422907613416,-0.00776844383729136,-0.0224971834200813,-0.0117358304177024
"55",0.00616022667683902,0.00805209067095092,0.0110132116943298,0.103172337507742,0.00896573359672015,0.0094124668080795,0.0106919308092146,-0.00177396668866647,0.01044622239655,0.00943044256237702
"56",0.00586810034008023,0.00823249905258638,-0.010103352840142,0.198752114332687,0.00647044521859019,0.00560526237963455,0.00312306259519435,0.00566573217830024,0.00776369262223442,0.0195038750481498
"57",0.00507478757255253,0.0161440879182821,0.0105533457808322,0.184936879970503,0.00674915260025433,0.0244523492164292,0.00559703905264497,-0.00815461150127872,0.014078727832139,0.023414702951075
"58",0.00177022449531483,-0.0178587164710242,-0.00270311479750607,0.175770266622073,0.00479315586180906,-0.00312178251989526,-0.00217289219414551,-0.0103776532955333,-0.00296986623593254,-0.0542147117762735
"59",-0.0114345229176358,-0.00282334142622442,0,-0.140936311529992,-0.00271330438234774,0.00286199266440512,-0.00560924824790954,0.001796986817864,-0.00767759401583179,-0.0314575272073334
"60",-0.0128602591908229,0.0123390746622807,-0.0069413147466566,0.12038229962111,0.00732485902507829,0.0049241875878181,-0.000625209707979302,0.00358424682709924,0.0117059813293969,0.00863446910883159
"61",-0.0132901535618903,0.00254652516300791,-0.00912690331310806,0.0528894447817914,0.00978856481837465,0.0097763020484658,0.00840735015003435,0.0124445507925111,0.0126158589899097,0.0115554096679267
"62",0,-0.012798066998168,0.00700473506087729,-0.152762809690156,-0.00947129866599283,-0.00461899287897971,-0.00965888373426349,0.00387941280497461,-0.00755038419248466,-0.00837626205687503
"63",-0.0204061800408817,0.0131613143186167,0.00574970947807341,-0.0350282025701549,0.0232021627205343,0.00385060172094853,0.00841777541188993,-0.00352611023599492,0.008385825231783,0.0121462372350001
"64",0.0111822781188269,0.00651626442941922,-0.00271945036775545,-0.0798904019577513,0.00247645476506442,0.00867358604506574,0.00680699481011082,0.00387804509429079,0.00437453212556749,-0.0126224461521485
"65",-0.0141316513636576,-0.00409782823504923,-0.0121766407564321,0.00985225457666683,-0.00947433646136631,-0.00203411792572616,-0.00991640261995075,0.00351248624324407,-0.00145605212855848,-0.0464746111012682
"66",-0.00754727547775502,-0.00472126503521864,-0.0126369327568101,0.0270810024093864,0.00746265481099595,-0.014613724101042,0.0040404425904832,0,-0.00417190343746521,-0.0776199830452677
"67",-0.0213297336006422,0.0150541765747976,0.0149312954685952,-0.121822721188048,-0.00155012396134957,-0.0248411248910498,0.00741653149971677,0.0121974111475223,0.0012534234404562,0.0215177440372063
"68",-0.0243402395693746,-0.0109369955305985,-0.00520828910566085,-0.0866390767674119,-0.00856902090961409,-0.01628223867315,-0.00772681957545229,-0.00138651374026511,-0.0107043131722144,-0.00423136097201837
"69",0.0204632093105213,0.0126090296480221,0.0254752258221647,0.169546347487509,0.00515019510995973,-0.00539666708327502,0.0141714971022884,0.00449902690002979,0.00840520864720196,0.0154280547646799
"70",-0.0131268807624458,0.00701586003216992,0.0466561524643447,-0.033286002710919,-0.0122162646563986,-0.00651466429148595,-0.00613677738456886,0.00413511413772882,0.00355087932255271,-0.0101416988415322
"71",-0.0253394166686762,-0.0172109240912404,-0.0441141224009707,-0.0209355347251625,-0.0320232299221823,-0.0134341277820109,-0.021151712369968,-0.00172084835222952,-0.0939349634430338,-0.0263547796710526
"72",-0.0481416174988101,-0.0146945278444495,-0.015198579618958,-0.0591071641712659,-0.0297247652770478,-0.00998614563832589,0.0140473316956453,0.0275199787595941,-0.0611544270890434,-0.0171069220264206
"73",-0.0177049195037409,-0.00294043175485736,-0.0106707866867088,-0.0618753527361617,-0.0179271059849011,-0.0245532640860873,-0.0270201399022225,-0.00605044888387729,-0.0171910121311356,-0.0262218195932542
"74",0.0128520179340526,-0.0104841967558365,0.0192765576568954,0.0524981754130085,-0.0132269667112377,0.0068337222587127,-0.00287036248426986,0.00302980042642087,-0.00397121026617198,-0.0261540383271743
"75",0.00666672834960425,0.0140361744495365,0.0218580002588951,0.00380615585911137,0.0277960983397465,0.0073509127332434,0.0227354072286023,0.00636626483743896,0.0194563685637736,0.00578593706704389
"76",0.00572200408209333,-0.00514830947771738,-0.0112409777055715,-0.0153120910400322,-0.000672962953585987,-0.0067835022016185,0.00342841580914044,0.0112920544167059,-0.00366528275151357,-0.00327460993186968
"77",0.0154949603716013,0.00527059245345374,-0.000744037686216892,-0.0130184116296475,-0.00286505920375912,-0.000283665021473922,0.0142109002475963,0.00789477016928242,0.000244820374311505,-0.0179097287464787
"78",-0.00741953254569028,-0.00797796815246254,-0.0044756610176746,-0.0223161217464396,0,-0.00397952169395666,-0.00769826778746863,0.00490275919866967,0.0043956188435792,-0.0186365301182461
"79",-0.000894018209570469,0.00258444647837663,0.00432676430963497,-0.0332208836316301,0.00033750350786832,0.00991931029413617,0.00123574056032005,0.00487883937635925,0.000730697367156807,0.00876673041745413
"80",0.00653783631849292,0.00514894076765771,0.00237923773365178,0.0204457150760415,0.0080659072885112,-0.000282064880321009,0.0101368347026876,-0.000324524715423546,0.00121667463350228,-0.00357714674260556
"81",0.0329236176949501,0.00949257215212995,0.0166436899764504,0.0200359898136098,0.0119782036604219,0.0170609817230352,0.0106399687234271,0.000973258368183849,0.0192684011617019,0.0179545244684443
"82",0.01648706549553,0.00459221209209204,0.00509942800512153,0.026256715785971,0.0106917329105158,0.0011086306376642,0.00873107802093065,0.00935940385166978,0.00475966557386709,-0.0047040343716489
"83",0.00197154528636512,-0.00289791912594772,0.00651852208392611,0.00408346355788414,0.00391903962350248,0.00690133864069242,0.00239515136272894,-0.00192924391176996,0,0.0252195713321166
"84",0.00168674650923473,-0.00108881916533576,-0.000288870362456173,-0.0280091380143315,-0.0073608046628042,-0.00275482267884453,0.0011954847993394,-0.00386968980144076,-0.00428266917732234,-0.00962471337421
"85",0.00560227709928007,0.00205572561146905,0.00446726279260901,-0.00654056165267569,0.0044229813676635,0.00824180489510429,-0.000298680253729255,0.000322995368915002,0.0113799132420533,0.000386795991421884
"86",0.00695897047209204,-0.00338817823359783,-0.00158285673747383,-0.0278026708476311,-0.0016358333825135,0.00164025760807363,0.00357885647206446,0.000322952663570852,0.00188416995872709,0.00462956731032893
"87",0.0287100859169884,0.00556025954486827,0.0137301793278182,0,0.00555097487224288,-0.00273523141893595,0.0106604683102889,0.00161320069164184,0.0105325902633262,0.000769573765293075
"88",0.00591243931729402,0.00156576071737735,0.00241183584988569,0.00168532872145999,0.000488363227008293,0.00382721594773461,0,0.00482392372147622,-0.00536944296724684,0.000384564905112406
"89",0.00614399009031086,-0.00397943491318387,-0.00198580759794265,-0.0320203394649932,0.00874926036258294,0.00869337763462852,0.00294113371192761,0.00480076515188532,0.0116361560962299,-0.00250214305724406
"90",-0.00213271250844072,0.0100986231488189,0,0.0103781675220871,-0.00177606582430112,0.00108135692230693,0.00760688670725118,0.00414214602645169,0.000693854055207943,-0.0118253516215443
"91",0.0192948902010248,0.0127178241898909,-0.00213206714059844,-0.00814520762043447,0.00370997343221724,0.00512059838950574,-0.000291564967565883,0.00285760315713635,0.00161718171021574,0.0075765771163292
"92",-0.00340897320653522,-0.00366796318275053,-0.0124562438377218,0.0154927729675753,0.00753875110200219,0.00803217169726356,0.00291127680753522,0.0100947130768101,0.00781793253878105,0.00251278334135652
"93",0.0031471028997534,0.00118467582036708,-0.0137813823831676,-0.0754980018457143,-0.00239983353821849,-0.00160129766909911,0.00724116093652416,-0.00314368005365973,-0.00206351450179865,-0.00833578102330357
"94",0.00104687045639862,0.00271952109504614,-0.0175352975937413,-0.0493561141919883,-0.012086199759139,-0.00160386593643391,-0.000288703598435358,-0.0101266590379709,-0.011077877956196,-0.0105676607987295
"95",-0.00498227398970297,-0.00604019279336843,-0.00716093969003051,-0.0472707361841782,0.00388346550737317,-0.0197223410381717,-0.00375997760158819,0.00475963509668231,-0.00302152627943952,-0.0224817743408208
"96",0.00759466541858078,-0.0317410004787559,-0.0138702380954854,0.0355909404192656,0.0269275005757521,0.00218039826441707,0.00606683647785156,0.0147685703721812,0.0239202050288103,-0.0143887499107969
"97",-0.0147177783191266,-0.00454745131894452,-0.0261473611216214,-0.0289464080496491,-0.0227372907473775,-0.0197971319867918,-0.00664644933658298,0.0052884916078817,-0.00798631667551675,-0.0361635292520344
"98",0.0139347274223756,0.0233757683294415,0.0110035842459055,0.00717264598722167,0.00625251559437334,0.00221910713248175,0.0121038411319856,-0.00841258937227973,0.0102564306096262,-0.0255077462959852
"99",-0.0144644005714762,0.0165884753814849,0.00522682160397725,-0.0426341977425877,-0.00625251559437334,0.0515703579836186,0.00143120785342976,-0.000939075967695491,-0.0111732520020169,-0.00435161690499086
"100",0.00844108668319743,0.000828153809173671,-0.00168803245494065,-0.027216655035406,0.00689160996713767,0.00210301814049885,0.00967841772675415,0.0037511432776749,-0.00068812431794063,0.00217817552183952
"101",0.000525222118264779,0.0035415342765317,0.00245430459269969,0.00428259015175003,0.0136423530454497,0.0161504221688515,0.00846265266998136,-0.0106650998836413,0.0143526155971352,-0.00764446215503867
"102",0.00680270352853141,0.00294169769356323,-0.000306415012827799,0.000305271379300365,-0.0015768260709299,-0.00181045495742094,0.0133931509480578,0.000315315441188346,0.00180795147675594,0.00415708701456285
"103",0,-0.00412078605681199,-0.00831031128178683,-0.00827339776987346,-0.00126319322740009,-0.0156538552365735,0.00304405368467764,0.00691178438795514,0.00585319818504892,-0.0151801261695415
"104",0.00960180590977222,0.00365068479706032,0.00231537536844773,0.0418798970757721,0.0181623287816084,0.0109834061099114,-0.00110580881452771,0.00343800005449779,0.0151484365776007,0.0180145068096351
"105",-0.0064775454392958,-0.0138488117404076,-0.00773877868188233,0.0686977609525399,-0.00466556718666045,-0.00130123635797208,-0.00443582208645354,-0.00625976556677221,-0.00132746423940677,-0.0116063667129307
"106",0.0261687693066444,0.0192415456604325,0.0360124447388195,0.0778788821796272,0.0157750973999455,0.0160169068853202,0.00664632354408079,-0.0225442471896344,0.0131957555373945,0.0260884360842972
"107",-0.00253555631442248,-0.0197184282996314,-0.0196767822253827,-0.182321530623679,-0.00600231734834367,-0.036804377768318,0.000551889028632235,0.0143474728386441,-0.0109842931072195,-0.0338275570772533
"108",-0.00611150007571837,0.0170257412535575,0.015922742297195,0.0202822026493714,-0.0372713783983318,0.00292050141679745,-0.00303911302513393,0,-0.0284549376414609,-0.0149840940556025
"109",0.0184745104648609,0.0128132031962505,0.0147840796438805,-0.000299704756510977,0.00654797275153651,0.00476062196089977,0.000553263028627793,-0.000633326740991702,0.0180184884727796,0.031276823340896
"110",0.00300448223706828,-0.0046403972171376,-0.0105805187817349,0.0116228146543214,-0.00815154065677337,0.000791211429375771,-0.0184208348228077,0.000633326740991702,-0.0112234625620609,0
"111",0.000749688395838444,0.0127095700862476,0.00627239473840646,0.00826208442742704,0.0148150902867039,0.0303801434735638,0.00785634748228992,-0.0140263866570103,0.0251880266598263,0.091750078166382
"112",0.0185625927026662,0.0113021112095861,-0.00387820449217191,0.0352229919058877,0.000948278214883302,0.0222568315480887,-0.00701166828769439,0.00352509932796341,0.00789306017424307,0.0614330217122898
"113",-0.0446300890827946,-0.0167128333520372,-0.0196203548670857,0.00565774334014435,-0.0280354768623541,-0.0302168328222985,-0.0285488996260237,-0.00738483172647753,-0.02409222797553,-0.0381944449761784
"114",-0.0175897009908641,-0.0134806927371365,-0.0190804039263179,-0.0164963982719595,-0.00668353375518382,-0.00932409290468605,-0.00319073846395534,0.00674481705619323,-0.012833671202229,-0.0290333654846604
"115",-0.00549521423749111,0.000350924482547477,-0.0109342634627723,-0.0249722813248834,-0.00294841011993885,-0.00156243673956524,0.000580902098658242,-0.00932629386360784,0.00271552396864783,-0.0245473450983242
"116",0.00392818924079918,-0.0216359075194514,-0.00614416110152405,0.00176264632424994,-0.0143744554747389,-0.0202718856770101,-0.015213882742509,-0.00843613774798779,-0.0131940458858191,-0.022430821632903
"117",0.0334136213265515,0.00155257548193077,0.0022099360694261,-0.00588750953479433,0.0127327136124462,0.00530505222969335,0.0131793028426426,0.00487566760952873,0.0262162734436333,-0.00632113348207852
"118",-0.00506845377768972,0.000238594950884519,0.00440533431686951,-0.0065166101758023,0.0154890313915192,-0.0276267741140179,0.00261514474717695,-0.00617990370662902,0.0121939038770789,0.0446447473710734
"119",-0.00534962627894497,0.00748796826086995,-0.00835509863072392,-0.00387079754748232,0.00145501845213492,-0.00245071440306255,-0.00290608965246753,0.000326218530668054,0.00242105559056993,-0.0454905792860396
"120",0.014706096892636,0.00248367123249427,0.00866902827468152,-0.00658487816748288,0.00322576002685437,0.00353794986360256,0.00984659406005317,0.00390628225200995,0.00700987939722353,0.0153251402786898
"121",-0.00226786424022141,0.00412564340899113,0.00360303575595466,0.0059880623269013,-0.00290276465793937,-0.00927952568004375,0.00460034866098447,0.0113068067756208,0.0052253082570588,0.00166525393006101
"122",0.0204751150472156,0.00446006901326967,0.0384987091957321,0.00238520565229727,0.00386850389445748,-0.00357099211958101,0.00657613634307053,0.0153015880418135,0.00476606667853918,-0.005213232667451
"123",0.00419292717682973,0.00769956735078114,0.0164158066519056,-0.00837326797919857,0.0121523454841306,0.0112191794864058,0.00851308316733457,0.00724982023217713,-0.00281357329486775,-0.0390116356814056
"124",0.00735656167188603,-0.00162827884524397,0.00472534410096959,0.0193314659882646,0.0124774726694046,-0.00929474670820873,0.0120771110019318,0.0103109185643362,0.0017323917395915,0.00173759340758739
"125",0.0193569856734541,0.000349127477871747,0.00147219374545404,0.0661021199725393,0.0120136285018297,0.000274628866208992,-0.00167648474454074,0.00341352125281347,0.00280862783412061,-0.00828069199652326
"126",0.00621125103530673,0.00429603118997157,0.038524537079093,0.0131472329566122,0.017372982399511,0.00411015772434897,0.00585538827591137,-0.00715064602364945,0.014777063962045,0.00654309858893587
"127",-0.00023823118095434,0.00612186489423916,-0.0123907124632234,0.00190295320073997,0.010009122785223,0.00925426803692364,0.00305345430004156,-0.00594583592281417,0.0183259246570322,0.0344014395371506
"128",-0.00981455756486405,-0.0104178960842107,-0.00517243420786428,-0.0421582289712172,-0.00711737073416252,-0.018871047420391,-0.0100279557617573,-0.00629727400591529,-0.00481221855255143,-0.0238056134524163
"129",0.0150414931978045,-0.00560098725216829,0.0171384453354824,0.00593139260087039,-0.0015210056698951,0.0112560573077669,-0.00899892693886528,-0.0104779471043583,0.00355905685257341,0.00835389665603792
"130",0.00449223184496583,-0.0095232928980602,-0.000424989863856418,0.00168825203405865,-0.0071793417696373,-0.0134672751899441,-0.00822585567933043,0.00541144330265952,-0.00313967212133326,-0.0148278080012867
"131",0.00658358332185038,-0.00830377943342331,-0.000425062430687184,-0.00761964463492903,0.00153183960939973,-0.00388132981944,0.0048301889738398,0,-0.00020971037490547,0.020146403806292
"132",-0.0208389559202833,-0.00274343501287966,-0.0045454581845501,-0.00853489538481611,0,-0.0278851860559008,-0.0111159588330745,-0.00636947266054255,-0.00525597777241371,-0.00297491490911561
"133",0.0114205270405825,0.0161140996950193,-0.00428015237117485,-0.00429492070475668,0.0105062986973881,0.00966463994237277,0.0125322754931574,0.00573433583674454,0.00525597777241371,0.0245940135482217
"134",-0.00974689380957905,-0.0081431079162364,0.00328307662726335,-0.00316141316358953,-0.00121240090957642,-0.00396824184101252,-0.00539244780843262,-0.0102171929021577,-0.00209904517460702,-0.0152738995214303
"135",0.00381497471216541,-0.0172109240912404,-0.00428443129539602,-0.0559399543323171,-0.00669513202704053,-0.0660354269423511,-0.00857390902583388,-0.00418071551690291,-0.0040003974467524,-0.0327897970860489
"136",-0.00860427414067111,-0.00750239629535798,0.0030010608819504,0.0264359020113019,-0.0428915646293131,-0.034571381752369,-0.00922727688792557,-0.00646626116533566,0.107320595199703,-0.00283623573057312
"137",0.00455032830468616,0.00991064043908985,0.0102215710473974,-0.00684219924586005,0.00461088206068894,0.029705173583249,-0.00697682135624955,0.000324314219461996,0.0331748422007503,0.00805135818142855
"138",-0.0112940623450655,-0.00724201665512059,-0.00936580779346929,0.0062490240774582,-0.00270037466688056,-0.0122700925918151,-0.00614483540424393,-0.00487566760952873,-0.00312123944700504,0.0129200765349156
"139",0.010337880084716,0.00736229969198554,0.0109182829502465,-0.00864000936023812,-0.00206985589043196,-0.0136732828028512,0.00934858398067906,-0.00489955626486616,-0.0153806761994946,-0.012703355103409
"140",0.00762452312929973,-0.0206544160454349,0.00380036540905326,-0.0126469048544173,-0.0269784872773737,-0.00501885020930093,0.00203339783571765,-0.00788964243265688,0.0111422189792192,-0.00065023908002626
"141",0.0246173308104205,0.00122682479110026,0.0142281192612383,-0.000606300901865087,-0.0336362125147529,0.0156009404424795,-0.00962241031784528,0.00625106615757609,-0.0105821033350599,0.0403708943449947
"142",0.0190394105305067,-0.00998095366962026,-0.0146496576488611,0.0281035069651896,0.0119519830146242,0.00370832373169883,-0.00794239948338094,-0.00394344680209091,-0.008998998778738,-0.0828928271301779
"143",0.000454349358617989,0.013530323071997,0.022101064209008,-0.0378537077619527,0.0195532382846624,0.0150010275410208,0.00999127164600111,0.0108073727533107,0.0104909426419284,0.0130367948269487
"144",-0.021116189126265,-0.0254900903803614,-0.0375394272688352,4.45758372493363,-0.0259322636990218,-0.00121615668790032,-0.0296757674741834,-0.00883370550693963,-0.0144535686160019,-0.0593413628686346
"145",0.00347337880835497,0.00873473177091988,-0.0119176397424647,-0.339725672341071,-0.00438822875036404,-0.0397198293204735,0.00300747517275646,-0.000328684598493556,-0.022563104834775,0.00802457438241522
"146",0.00346144407106008,0.00902861072241823,0.00331669095577336,-0.453039976161545,0.00590274567182636,0.0206774477488247,0.0101584428858184,0.00622648355776789,0.0134462411995528,0.038958468856868
"147",0.00871567592406874,-0.0101473421242257,-0.00635476510254396,0.113140201657401,0.0107042229601104,-0.0437331651843671,0.00710908434915547,0.00618789231183303,-0.0036318232555046,0.00698438384452427
"148",0.00614687082232246,-0.00348865008504262,0.00361559454019122,0.133884770330067,0.00514391844810458,0.00935036253279531,0.0108616633979572,0.00421193135487075,0.0165230028225727,-0.0117435442968103
"149",-0.0222614173739628,-0.006260193010168,-0.00928214667252814,-0.13106123904246,-0.0185421966479904,0.00575997686250318,-0.00615023410742843,-0.00161789858431005,-0.0146098881536432,-0.022514202156465
"150",-0.00558534573487846,-0.0074378402974915,0.00421666819149547,-0.100256603739651,-0.0139221208535156,-0.0167313479532449,-0.000293877959374189,0.000647473579073576,0.0144215426440653,-0.00116238536183211
"151",0.000233394852005908,0.00756336000674107,0.0119710356095739,-0.209599326206452,-0.00462686886702723,-0.00553120711724731,0.00498321373529853,0.00129369084759201,0.00376075936090059,-0.0307062390582002
"152",-0.00890563812831591,0.00613467330091844,-0.0112457755592299,-0.000640820271849307,-0.0225822182318165,0.0084471135078914,-0.00351491068748633,-0.00518471168708912,-0.026242183748832,0.00788444721491466
"153",0.0248763196221078,-0.00802008515865094,0.00275106862410723,0.687361243492902,0.00105357998326561,-0.00877345093781123,-0.000293532973685284,-0.0140686206443781,-0.005797176655987,0.0537414659555262
"154",-0.0129421162284293,-0.0125342589976922,-0.0117811729208839,0.595707074497795,-0.0120057994416793,-0.00294163933469616,-0.0121070384861097,-0.0125996716570493,-0.0142483050785041,0.0076387564570739
"155",-0.0194956689375312,-0.0044691191062034,0.0194153296373338,0.587747179008449,-0.0119718783067748,-0.0118539621158682,-0.0440332493100408,-0.00770392508156181,-0.0354143341142046,-0.00741323812439276
"156",0.0259876642021828,0,0.0404947386019829,-0.259584321627713,0.00912591677423435,0.00462655795136957,0.00896315441628381,0.0140236047445601,0.0179640152780185,-0.00883256533591936
"157",0.00943077360724232,0.0063783862616491,0.0165360665385679,0.138191620025083,0.00886687854770152,0.00164717553337734,0.0146612139157223,0.000331517619296395,0.00399275730346682,0.00431278363030074
"158",-0.00504938466096805,0.0142669837628064,0.0198611379266111,-0.199408303433216,-0.0124357753850264,-0.00693636335468817,-0.0134311733250789,-0.00832090004356356,-0.0264474395898722,0.0085701648705907
"159",0.00687916599523009,0.00300420172119598,0.0103107161103395,-0.395312736644147,-0.0028643029093578,0.00825223332765912,-0.00771251680287399,-0.00100319978028685,-0.00677415769230016,-0.00721207027667337
"160",0.00546951416072439,0.00709884892506363,0.0139734520999015,-0.378557655188239,0.0128252778372966,0.0117647617923078,0.0165851741638638,0.00400671120320695,0.0116720830710455,0.0179336792213087
"161",0.0466232829850157,0.00309770391227016,-0.00441908664755264,-0.645340784300647,0.025685018256743,0.0071221157333845,0.0246703141489948,0.0171791621585036,0.04205902692178,-0.00111148170432518
"162",-0.00173682234899752,0.0024712350088949,0.0104957905013174,-4.22514787805237,0.0102969584821073,0.0156828112453935,0.0103474231798417,-0.000983145624265713,0.0124152787555012,0.0578995125144832
"163",-0.00807245408769663,-0.0024712350088949,0.0115341724175204,0.037740327982847,0.0251214705292568,0.016378357318759,0.00205669809939701,0.00229244230652537,0.0307541841510837,0.0342513493732906
"164",-0.00153457647671784,-0.0100716449210037,-0.00485382072335216,-0.204794412646013,-0.00601205224239099,-0.000625038167321179,-0.0109193627180897,-0.00854145247002824,-0.00262080277576393,-0.0223575999708441
"165",0.0148085565300988,-0.000499916087071561,0.000256103858840007,-0.2578291093021,-0.00184425585859493,-0.00375816815015639,-0.00089068120686564,0.00263591339487812,0.00579389300740152,-0.00582489337471692
"166",0.011391903924892,-0.000375244281701548,0.0231552599421549,0.424883193965266,-0.0113072168020514,-0.014857273817614,-0.00327225627112737,-0.00693412339318344,0.0177322543362997,0.00975822601950327
"167",0.00447807726520288,-0.00125154555742846,0.00199929673681076,-0.122602322092332,0.000339393492269302,-0.0063897980987706,0.0159624170228123,0.00890655575983113,-0.0049555109980024,0.00843540868111159
"168",-0.00106437980574503,-0.00250780003834805,-0.0148393102592221,-0.245122458032985,-0.00203802607218506,-0.0125787623966831,-0.00411400505813342,-0.0188966870335663,-0.00442556255769633,-0.0181936347006149
"169",-0.00320003528283763,-0.00251420094168076,0.00429831691424543,-0.117783035656383,-0.00973783549173923,-0.00259999599986038,-0.00649920761924427,-0.00436020018618377,-0.013582858948443,-0.00208855553258225
"170",-0.00171082197344097,-0.0040358196603183,0.0020164299861456,0.271933715483642,0.00650243674820938,0.00324886588451267,0.00177665305188901,-0.00235570341025637,0.00932320738009818,-0.00839811801795243
"171",-0.00795110555696743,-0.0175934838520142,-0.0148394904082654,0,-0.0140847343443848,0.01544935252873,-0.000591904674005939,-0.00134864874565421,-0.00633031617404622,-0.0101717084982766
"172",0.00537924929634981,-0.000771970672039934,-0.0111790786831776,0,-0.00572474160268843,-0.00833874645264832,-0.00802502358211044,0.00605451926693457,-0.00318028485963007,-0.00234567995531787
"173",-0.00343938112902364,-0.00736389447062002,-0.00570174476975271,0.133531392624523,-0.000696152415248008,0.00128739605940975,0.00387196530043843,0.00501755931481407,-0.00262663174751676,0.00596003955064006
"174",0.0012911853349169,0.00064807082528251,-0.00130037049660103,-0.0425596144187961,0.00173947320284906,0.00353189037653934,-0.00208301505990738,-0.00267290254155572,-0.00451889040510345,-0.00596003955064006
"175",0.00536194314138561,0.0100567996116228,0.0103561191161061,0.160342650075179,0.0172299228685384,0.00670823816687793,0.0150779537880297,0.0129634953698625,0.0106992982833751,0.0158851166088585
"176",-0.0010700747228114,-0.00824427460064214,-0.0059416226551301,-0.0769610411361286,0.00324036483696677,-0.0118496573306848,0.00117293562956711,0.00625511921670086,0.00354112054456523,-0.00357853592818458
"177",0.00725414204122776,0.0147656473597451,0.00258761880537772,0.0392207131532816,0.00830868154641351,0.0188293230727199,0.00584457440888242,0.00491084717506718,0.0105488106245577,0.00483852372058369
"178",0.00191144054569747,-0.00677793734119714,0.0340436828775106,-0.0392207131532816,0.000506436728774595,-0.00952993272300517,0.00290947185829316,0.013945366170617,-0.00294985184566432,-0.0101245069252389
"179",-0.0244857455506353,-0.00785834137828356,-0.00978921944230482,-0.0408219945202548,-0.0129099518636613,-0.0105888615161982,-0.010220514870428,0.00610053383675346,-0.0207077751081899,-0.0499886759817514
"180",0.0127472857179098,0.0226337478350498,0.00666206696641236,0,0.0259885887772873,0.028932254932287,0.0110917968903919,0.00159926929529108,0.0306288726971649,0.0242195891792578
"181",-0.00193403195976716,0.00680447354929203,-0.0077978355092041,-0.0870113769896297,0.00614471327479826,0.00531328552903698,0.00895823250393235,0.00478239760735777,-0.0112143946713048,0.00866368835616793
"182",0.00429270776356994,-0.0102241038825017,0.00113576854279174,-0.0465200156348931,-0.00431396279212759,-0.0166591559592479,0.00258584131246264,-0.000318124028397815,0.0197699653906849,-0.0224630931109218
"183",0.0112875779388797,0.00443064816015326,-0.0126921362170007,-0.0487901641694322,-0.00316427321175183,-0.00508423757750087,-0.0127058780473619,0.00412761853652244,-0.00654660998151302,0.0090021601038055
"184",0.000211716707036125,-0.0143758885687797,0.00623924943379617,0,-0.0100587988539473,0.000636981572593065,-0.0167036761278627,-0.00891154142700268,-0.00548854382922448,-0.00416163974589523
"185",-0.00871881867110291,0.00255947093657838,-0.0135465018320096,0.0953101798043252,0.00487438431676956,-0.00638775714334461,-0.0106953072985965,0.00986168201556037,-0.00073402647814147,-0.00175750993373835
"186",0.0146297243254239,-0.00371344206941426,0.00346794573566278,-0.0465200156348931,0.0194277920527188,-0.00642882304420134,0.00536195228092451,-0.00475963509668231,0.0228684795613492,-0.0308128595890969
"187",0.00650377577829442,0.00320205217264036,-0.0103106393610322,0,0.0206696336547179,0.0134530591759185,0.0217464245068477,0.0053925609887675,0.0302223074642081,0.0123945248697082
"188",-0.00356129352556556,0.0119488197187474,0.0181017334316511,0,0.00209183844016092,0.0195343713959915,0.0195746109642263,0.0018963174232387,0,0.0599788824654173
"189",0.0085675967599812,0.0201395338577894,0.0225181027255443,-0.0487901641694322,0.000482163027584193,0.000311982852518433,0.00795003532999328,0.01535357660654,0.000696152415248008,0.0235549979363316
"190",0.00415276653438257,0.00321466810959414,0.0162865994445349,0,0.0113428657723356,0.00993174433099764,-0.000565783821255383,-0.0175663069014242,0.0249132507814904,0.0197864939769188
"191",0.00124252189361895,-0.00718538550207892,-0.00073454408750262,0.0953101798043252,0.00253847265725682,0.00922232208839002,-0.00254994195098313,-0.00666778125497114,-0.00493325685849211,0.00523773569617259
"192",0.0149946231462152,0.00952796487412666,0.0112045766288533,-0.0465200156348931,-0.0127572966715945,-0.00552314330289327,0.0132452609242395,-0.0108905676015532,0,-0.0155921192867217
"193",-0.00962820919149188,-0.00419593782353189,0.00916223563427732,0,0.0170264225195469,0.00979803352013242,0.0111359087949703,-0.00161157932302247,0.0224274103657027,0.00893950269350974
"194",0.00820008091253221,0.0125354554882211,0.00227743357350718,0,0.00362232917059213,0.0205073159751965,-0.0061093609796643,0,0.00266444527926257,0.0439239396044346
"195",-0.00183917807171685,0.0132243841396811,-0.00720981845576318,0,0.00969974324803591,-0.0165541778825045,0.012456824004293,-0.00582338449505126,0.00696055458403455,0.0163198407470748
"196",0.0115913794764357,0.00456947950113928,0.00577206217521642,0,0.00543435014944471,0.0366493810249686,0.0087647701478013,0.00582338449505126,0.0126365916278943,-0.0086067284852378
"197",-0.0018213129469431,0.00407093432688388,-0.00107976697887402,0,0.00139259346127485,0.00844877396878196,-0.00519477949213298,0.00450594232046297,0.00989867085088392,-0.0554874850523106
"198",0.0038411538347396,0.0104600649687718,-0.00180205365501607,0.0465200156348931,0.0151925807025881,0.0172566830174361,0.00574004827983288,0.00640209499105593,0.00290229652043372,0.0386348209281362
"199",0.00402733022907098,-0.00319768897660389,0.00479840044424051,0.0444517625708336,0.000913343896098873,0.00341583502933052,-0.00109073097115386,0.0155139971004168,0.00625954034419918,-0.00981554810284369
"200",-0.0135560635213872,-0.00475626954893293,-0.00323640253166779,-0.0909717782057267,-0.0215326916173062,-0.00884836994547733,-0.00766924033559579,0.000314126871433729,-0.0241287990899344,-0.0382032791254119
"201",0.00528238378166757,0.00285643924833856,-0.00336739673773323,0,0.0415680351162822,0.0167737391570606,0.0187940282822283,0.0137244398171497,0.0120562178556649,0.0162638268751074
"202",-0.00162234911316528,-0.00381043205229581,0.00528650533638775,0,-0.00974157577985313,0.0064633855849765,-0.00297258987099758,-0.000309785336369828,0.000323841610497588,-0.014625451932444
"203",0.0141074639380405,0.0158602441718925,0.00597373363351306,0,0.0276268953115633,0,0.0115701625598295,-0.0244679924047597,0.123790935788506,0.0304305104339067
"204",-0.00140181644862514,-0.00707057033787084,-0.00585388297770884,0,0.0172830504845001,-0.0220909228570578,0.00480386030072699,0.00664667710618971,0.0322312507235756,-0.0417486678050931
"205",0.00957325878943172,0.00389498086986517,0.00311044796482918,0,0.000575801326128556,0.0122386264140468,0.00478089351222621,0.006916070021044,-0.0234018697181515,0.0107040578560875
"206",-0.0133881904364261,0.00505259646634659,-0.00131477469663199,0.0909717782057267,0.00916779679998214,0.0151602958107606,0.00686557531150456,0,0.0357902119693616,0.0130188861081066
"207",0.00421558569217639,0.00105434280856453,0.0157820161658906,0.0833816089390509,0.011483860375896,0.0152083674889205,0.000789130115356418,-0.012610495459132,0.0220533169811512,0.0677795491937658
"208",0.000200343243200507,0.0131435125411006,0.000588423747614364,0,-0.0119117114871914,0.0147101373068956,-0.000789130115356418,-0.0102041602440135,-0.0171406349344432,0.0387121659346166
"209",0.0105588944446957,0.00587595589574796,-0.00862629547174176,0.0769610411361286,-0.00214211478958415,0.00189115879293755,-0.0124455791055191,-0.00321028781752819,0.00529496038693722,0.0172914527531169
"210",-0.0063618445120861,-0.000574582617141495,0.0116808342599137,0.071458963982145,-0.00171691440423771,0.00107902330344256,0.00159748101448809,0.00256904196608376,0.00189393175005703,0.000357100887301343
"211",-0.0120386380154187,0.0020668316561876,0.0145562977742077,0.159064694629687,0.0178828853481354,-0.107789978059141,-0.00159748101448809,-0.00192614713933503,0.0268034202207525,-0.0207420183043796
"212",-0.0201862635189576,-0.0113048080443479,-0.0238663752718109,-0.060624621816435,-0.01117478620057,-0.0267818430260887,-0.0204582728583067,0.0175191366817327,-0.00633586290000832,-0.0150572292328537
"213",-0.0352163898770983,0.00220177903929741,-0.0229950032496644,0.060624621816435,0.00807540935026463,-0.0136648847253316,0.00190190776645416,0.00535350280893843,-0.00770965144263602,0
"214",-0.00943198054108052,0.0320090840677105,-0.0312564007424774,-0.060624621816435,0.00352137824725229,0.0253178461551204,0.0037929980512823,0.00844416134105241,0.00969393056484869,0.0246700496680212
"215",0.00279602431361914,-0.0205001527182054,0.0267636149854775,0,-0.000562600777703537,-0.00550288077530858,0.00323971490428088,0.0197354349716927,0.000396363621025131,-0.0112544522020439
"216",0.00492769152659145,0.00411100969074951,-0.0014613949293798,-0.0317486983145803,0.0143867103459145,-0.0254593448286586,0.0120564294076049,0.00548114357442131,0.0222086801803187,-0.00990645290787828
"217",0.0284438952313923,0.00250399879496488,0.0206267373364861,0.0317486983145803,0.00842372726272789,-0.0235454524148642,0.0182087741839778,0.0033348707067602,0.0172914773958635,0.0177253634322732
"218",-0.00103916121371173,-0.00798913843178717,-0.0143091773330921,0,-0.00151380485752561,-0.0310634746068983,-0.0139568450839995,0.0513234974658467,0.00202973123588546,-0.008549303863016
"219",-0.000623999579702161,0.0118466011256935,0.00338531072183113,0,0.00343713815941982,-0.00934280515970798,-0.00718567206255116,-0.00866304130900541,-0.00380908337166375,-0.00954488162816336
"220",0.0115846880365038,0.0171769458327695,0.051057947985508,0.0307716586667537,0.0157954816488344,-0.00638977776893235,0.0187861827976818,-0.00640098861533644,0.00709849048523958,-0.00926447220593474
"221",-0.0375108846238521,-0.0101807228244271,-0.0328777527091653,0.0298529631496813,-0.0319839796864718,-0.0339713366749796,-0.00499284810377665,0.00553057570200322,-0.0285714869997551,-0.0500008971688164
"222",0.0175684061735182,0.0170582070857099,0.0236600005741741,0.211309093667207,0.0405932206170974,0.0506997297870511,0.00943899551526783,-0.0190482396891505,0.0504350606161337,0.0137986364947391
"223",-0.0128816186531191,-0.00232415671590847,0.00161923920564444,0.154150679827258,0.0330662342050418,0.0419096390228875,0.00857486937405039,-0.00682797801558577,0.0377128737415524,0.00019306498616789
"224",-0.0098249207120582,-0.0011086306376642,-0.0204315089853546,-0.0631789016215314,-0.00780540560251275,-0.02187281771816,0.0028419292056352,0.00653212591960806,0.00142707535652509,-0.0397612146599586
"225",-0.0142674241217575,0.0162837324270919,-0.0387207357536248,-0.0674412807955327,-0.0282118865684362,-0.00619800998197118,-0.00621114490475083,0.0103047716675704,-0.0539549701514868,0.0238106486937184
"226",-0.0433835302639047,-0.0314846576470291,-0.000735895525568964,-0.150282203049338,-0.0200821313532868,-0.0390375246070516,-0.0128023089719749,-0.00146560886255021,-0.00843894163005743,-0.0118344576470024
"227",0.0171330188598398,0.0118675548916647,0.006725834483162,0.102654154060084,0.00995580469194479,0.00914489762455339,0.0205602800378193,0.00905251811045416,0.00403938576637408,-0.00896866998276025
"228",-0.0121431872332782,-0.00233995412324717,-0.0115225891227402,0.0240975515790605,-0.00190164936994019,-0.0176875774664884,-0.00154682616109358,0.00637491015921743,0.00251641525327306,0.00239954562722122
"229",0.0108011746865286,0.00556236836754387,0.0421279829685446,-0.0487901641694322,0.0290768539226649,0.00820234937538178,0.00180444718077766,-0.00434210295324711,0.0300783890889709,-0.113224846824552
"230",0.0181863449256503,0.00121958672164002,0.01198468421976,0.0246926125903717,0.0285120188847223,-0.0116399602579715,0.0110129551964757,-0.00348744169542048,0.0170468497222367,-0.0278961697192726
"231",-0.0123840897580445,-0.00288506790566512,0.00314846787638956,-0.0759859069779223,0.0290938226175816,0.00686344506874104,0.0164207691416216,0.00522650180309547,0.0245113182310974,-0.000920372602730701
"232",0.00886141224593695,0.000888613100118896,-0.00279815808652195,-0.0266682470821613,0.00807108779617227,0.00443617276573249,-0.00175547869092796,0.00086850762234203,0.00292005120454863,-0.0127419772770665
"233",-0.0106431057470382,-0.0131874990202299,-0.02326923862186,0,-0.0226386694999832,0.00136098654564876,-0.00503274248199315,0.014934236028239,-0.0133851876788329,-0.0190661448778133
"234",-0.0218600529040089,-0.00146352125533067,-0.00431139123347535,0.0779615414697119,0.00843990839608377,-0.00682363602415759,-0.00328493212319847,0.000569867298962912,0.00118131705202584,-0.0172582944631268
"235",0.00477325805862083,-0.00101452939018465,0.00347452473187371,-0.0512932943875506,-0.00364437616986368,0.00273500270647364,0.00177022449531483,-0.00085503154930322,0.0119706192181539,-0.0215062501337222
"236",0.0182007358496383,0.00775156884950068,0.0300429378897737,0.0512932943875506,0.0267080218471962,0.0078219010825844,0.0140493417260843,0.0104950315369505,0.0240891767226579,-0.00644358012834534
"237",-0.00200602213814793,-0.0111405849808071,-0.0103834219660497,0.0246926125903717,-0.0145699611707952,0.00270632024601181,-0.00199496364409679,0.00506616088799161,-0.000341691214925888,0.00496032748079234
"238",-0.0134772585293348,-0.0016988680965655,-0.0108478624835469,0,-0.00912111475422783,-0.00609960466443571,0.000997931742154012,0.0061573444890799,-0.0122644635231244,0.000741901328553674
"239",-0.0328727512099767,-0.00068032156987119,-0.014569176398731,-0.0246926125903717,-0.0141576768565068,-0.0123120775202912,-0.00274683142979049,0.00778210661328327,-0.0189771949769706,-0.014994400162931
"240",-0.021257331435947,-0.00671491689475801,-0.0211532066635431,-0.02531780798429,-0.0210994488683012,-0.0511846310970467,-0.0148636097991108,-0.00138521252269408,-0.0274055402793674,-0.0426556732286656
"241",0.00452549155450743,0.0112417907833615,0.0319214555732827,0,0.02033524623765,0.00901394221122764,0.015113599082158,0.00745758071212776,0.000845253880970898,0.00271997380596645
"242",0.0125163698928494,0.00563001164794574,-0.0321671749503354,0.0500104205746617,-0.00947264986278462,0.00501251991573515,0.00995036862244714,0.0144791161093663,-0.0172879662284569,0.00292091567481023
"243",-0.0547454455273484,-0.0216794830058253,-0.029432234690689,-0.0246926125903717,-0.0534957932718934,-0.0352571950478966,-0.0167232644317403,0.0259685649398391,-0.0539921606394969,-0.0780741501124469
"244",-0.0647698820849292,-0.00633099152613958,-0.0729695927010043,-0.0512932943875506,-0.0706903618194161,-0.0516242726905727,-0.0559007068416237,-0.0251551558179144,-0.11034164909146,-0.0385767106196298
"245",-0.0457269552461947,-0.0755301389913692,-0.0712320141344307,-0.0822380982369721,-0.0381436721947948,-0.0639414093227009,-0.0654439391545623,-0.0548655248426901,-0.0176685495920816,-0.0402466734731979
"246",0.0380274373610607,0.0331914492443888,0.0248352522860955,0.0555698511548108,0.00136070724241222,0.0498179655580353,0.034630707089061,0.017875381709163,0.0330370003567597,0.0109078956229416
"247",-0.0275618757501022,-0.0324445606596102,-0.0494036579077921,-0.0555698511548108,-0.0370897885730175,-0.0300804705416793,-0.0292459004760763,-0.015302109335487,-0.0207381048210351,-0.0557696237728118
"248",0.0476152741075104,0.0383300843148602,0.0438262480598235,0.0555698511548108,0.0526799839703882,0.019754699400484,0.050162062866784,0.0256532696898493,0.0513368804609433,0.0334638434401953
"249",-0.0118250476488337,0.00799190961243035,-0.0335406621024958,0.0266682470821613,-0.0243914937535141,-0.00520314585784032,-0.00188348483233103,0.0052740893584402,0.0245780135897906,0.0348830922521568
"250",0.0196315678917003,0.0133359488051541,0.032105442236765,-0.0266682470821613,0.043105612608672,0.0304311056904263,0.0257889451274447,0.00110683232669029,0.0347285094793275,0.0175805111376715
"251",0.0179813974704781,0.0212267344459951,0.0119916351521683,0.0266682470821613,0.0299130989219121,0.0142998077542513,0.0202657649809983,0.0180876362124383,0.0483185191353717,-0.0535735047050592
"252",-0.00741020636614786,0.00240728140767477,-0.00312679644738445,0.0259754864032606,0.0140688867283227,-0.0127440162668542,0.00717580670144757,0.0158968767646388,-0.00697558343098459,0.0167639619753173
"253",-0.0010264541387337,-0.00862421296087668,-0.029175908186267,-0.0800427076735364,-0.0118045773394186,-0.0136961045403527,0.00889794817543788,-0.00187290208123247,-0.0123256921727131,-0.0020650574816834
"254",0.00512166950758752,0.00976857862202607,-0.0252314446219533,-0.0281708769666964,0.0123632493406625,0.00745830305767647,0.0133252153711148,0.0119793993880841,0.0225235133731658,0.032538770986358
"255",0.0363675676124551,-0.00102985267771061,0.0425220286515327,0,0.0302552905481415,0.0334582145309037,0.00721667697473993,-0.00663748604169578,0.0359698450742139,0.0291153446697932
"256",0.0014767754229621,0.0219664906710362,-0.0114452671567626,-0.0114944235262824,-0.0217741749294316,-0.00151398174681372,-0.00248267970404559,-0.00346901126515586,0,-0.00976512389255557
"257",0.0610585748752563,-0.000784266400476241,0.0240421253267078,0.0724551438250947,0.00799775633705657,-0.014882907225676,0.00841589511312035,-0.0708849508589098,0.021724631846995,0.00724679358765101
"258",-0.00836437503666243,-0.00134592603076467,0.0261140842771068,-0.00850386295736438,0.0175622368344586,0.0042202482160576,0.00907867699299869,0.007432914141976,0.0118426628525063,0.0226638595772117
"259",-0.00374006618400502,0.0034732563545381,-0.00235873569699763,-0.0363023414500812,0.00940241406944864,0.0551144215804529,0.00923909017661906,0.0163844914594331,0.014438226402341,-0.000672467608538341
"260",0.0104835147896227,0.00968336472219633,0.0217101389888503,0.00532732598754126,-0.00684156029192184,0.0133167781340635,0.00603210905752505,0.0188737306071132,0.0368550415676379,-0.000224313438846657
"261",0.0357384032517891,0.0255891922788809,0.0517825520691746,-0.00842462854085424,0.0274826413632168,0.0191223734757449,0.0181173518662021,-0.00385673735881609,0.0186840245784685,0.0351493514823291
"262",0.0013407277671762,-0.00715144076764584,0.0211985463797291,-0.0232518465351435,0,-0.00492263248419711,-0.0287582895779157,0.00165475418101613,-0.000215225951742948,-0.0475620417424745
"263",0.00267624482154671,-0.00239522405594617,-0.0104154339192455,0.0411393947783969,-0.00472566656429585,0.0112163168705397,-0.00487451025122887,0.00932535949722979,-0.0241868332400115,-0.000795134874011616
"264",0.00244682128171769,-0.00524586697588614,-0.0132384013615985,0.0732865767566371,0.000263079116212594,-0.00139516555850694,-0.0068644244295375,0.00435848805160788,0.00132249021217223,-0.0275347085943691
"265",0.0114867725218621,0.00109515368099533,0.0242854660879175,0.00398224630228849,0.0128090024511405,0.0090341339796316,0.0114957216405287,-0.0197646075471116,0.0252296942612946,0.0244618485208292
"266",-0.00616875238979242,0.00643716527258054,0.000378748550748043,0.0475684542266617,0.00647251450561726,0.0326670959548325,0.0132868063212199,-0.00222031772682296,0.00514135370321167,0.0139228658061565
"267",0.0338942145035999,-0.0143493078750598,0.000883221228077602,0.0265395179270604,0.0198026659015911,0.0380997660256259,-0.0237990732290525,-0.0179428195502811,0.0142147716570049,0.0569148198670089
"268",0.0190441156890579,0.00462299310972103,0.0157661186786102,0,0.000379419195983388,0.00482238535859469,-0.00517431459269257,-0.00283281991941209,-0.00528040076971381,0.0135008781216062
"269",0.00125683664593756,0.00372689205894883,-0.009981405844532,-0.0982430559051375,0.0105660899723272,-0.0207395446742638,0.00443679077660519,0.00254994195098313,0.0178407180485318,-0.0313938736810586
"270",-0.00651060526741798,0.0139072077023439,-0.00175702089769647,-0.0448577458157868,-0.00401203774819869,0,0.00245636272783489,0.0350327275073785,-0.00229096448737964,-0.0513501637532929
"271",-0.00232044431055733,0.00688174102605643,0.00638582431121382,-0.00275109630925519,-0.00264166563199808,-0.0135159671775016,0.0119499456054308,0.00381792675533665,0.00747823624091648,0.0156950023687115
"272",0.0037942775365698,-0.00839345051085338,0.0103060973458788,-0.0265193710754992,-0.0286208094617564,0.00198941087406812,0.0101302887118742,0.00407436959143181,0.0127494826429824,-0.0163781215651762
"273",-0.00273880405055671,0.00442068796303197,-0.000370652752767597,0.0267948740698434,0.00633115185225641,-0.0153541275513716,-0.00144086382932773,0.0198611379266107,0.0061113054498998,0.0389754594579061
"274",0.00463055773617693,-0.00161500865772446,0.0016052961628823,0.0181487440814756,0.00385658079523221,0.011371441645454,0.00192072128893095,0.000265665511656632,0.00283917014383883,-0.0257391579217998
"275",-0.0152351106417807,-0.00150975316696567,-0.00519553120155525,-0.0220119719885776,-0.00566139487543715,-0.01642962158102,-0.00288251302887188,0.00635599801354214,-0.00202721109305415,-0.0138058227960203
"276",-0.0193763114978696,-0.00758322957124236,-0.0248631057277464,0.0459292183684861,-0.0216521266998431,-0.00678428681784737,-0.0145386245694681,0.00158263179526097,-0.0269424534933105,-0.0127288065374112
"277",0.0159589685323307,0.00866184547771454,0.0183930489407809,0.0138982856211931,0.0180326969847533,0.0162056833545332,0.00802236014004931,0.0039458561860175,0.0161293564826641,0.0111322799609752
"278",0.00256408108322503,-0.000754917189762949,0.0122822444606401,-0.0237165663537451,0.00258661485436384,-0.00067005767006556,0.000484155371893724,-0.00684929744937302,-0.00989493828805532,0.00125464067239456
"279",-0.00642261318638671,-0.015000334336527,0.000862755908231705,0.00346070001365284,-0.0109091515390762,-0.00773759215489811,-0.00606871632792849,0.00395720628426099,-0.0116692588172076,-0.0113488406254207
"280",0,-0.00351069699973383,0.00135427059686322,0.0225968779135028,0.00325924275259215,-0.00304412164251833,0.0094511643876074,-0.00501515174327682,0.012911523404902,0
"281",0.00407242281643194,0.00230527672706948,-0.00295709757402296,0.00285372603672185,0.00402673215573301,-0.00918846740613688,0.00120523670425765,0.00475186480475109,-0.00998143773332849,-0.0064769780504097
"282",-0.0282014183248616,0.00317478972408214,0.0030801477833089,-0.0212076953521363,-0.00558987883153428,-0.00686109037994509,0.00911279875889592,0.00813112830309892,0.0114287592388425,-0.00546864149973114
"283",0.00592302821631829,-0.00537014682526049,0.0234646992022167,-0.0211266289438821,0.0066264406079215,0.00515022597631543,0.00571298095516415,-0.00392613281402143,-0.00144732150551397,-0.000116704235146869
"284",0.000655926095377346,0.0125581941576245,0.0222217586002138,0.0134230203321408,-0.00753938094548356,0.00852520082335939,0.00520828372409721,-0.00684218817301785,-0.0108176723815552,0.0264840244842484
"285",-0.00153121969304459,0.00010853600953542,-0.027885462566223,0.00226407729421751,0.0111588106605733,0.00135729203269008,0.00353569086250705,0.0188339657946885,0.0235645332006764,-0.00432750074593446
"286",0.00327836644573631,-0.00467672056663648,-0.000967257141549993,-0.0158222707649496,0.00822414545662298,0.0204739696245442,0.00492898748710235,-0.00780439010405187,0.00793572963117439,-0.0105554651448285
"287",0.00868998962403733,-0.00371345951180047,0.000967257141549993,0.0122239908298103,0.0044691191062034,0.000664271704854613,-0.0075205924514079,-0.000261254703597391,-0.00650672675552011,0.0247208100685556
"288",-0.00868998962403733,0.00567382060895927,-0.00959270205688956,0.00333222560803792,-0.0284293208193693,0.0242714232534107,-0.00449223184496583,-0.00130699896157394,-0.0291855514120245,0.0232451807211174
"289",-0.00284062387954531,0.0019564427521086,-0.00183185651706985,0.00649909921766589,-0.000917968641521938,-0.00487251238567943,-0.00237253467691945,0.0114435225340412,0.00836645155582749,-0.00894487280178957
"290",-0.0207834686502109,0.000108606726988647,-0.00502416392927696,0.0307235909684991,0.00340540117486832,-0.00522366870981106,-0.00523929293766034,0.0148873859599932,0.0167307711317002,-0.0317808991826096
"291",-0.0340864642190635,-0.00762943153900775,-0.00752208493013207,-0.0550791332217919,-0.0158148335744848,-0.0155042271178516,-0.00622761620454071,0.0126583968719238,-0.00781416837923388,-0.0119803402626113
"292",0.0158242597650431,0.00393100094712207,0.00271942338855613,-0.026353407518561,0.0290634572976813,0.0184458664525478,0.00908882298138902,-0.00453859341530993,0.0316971150936061,0.111207351498151
"293",-0.0218525257968829,-0.00699914682034564,-0.00793162381351387,-0.00866051991214967,-0.0199393947759452,-0.0197765183743286,-0.00884853141914066,-0.0137406977685295,-0.0401972151668439,-0.0417124341098773
"294",-0.0149955805516795,-0.00605432026404262,0.0138392807186491,-0.0168356877735283,0.00786680955609675,-0.0164460627258647,0.00311781651698428,0.00689394954549627,0.0163142684524717,-0.0237389930859013
"295",-0.0272809300652295,-0.0155783894049923,-0.00751374636400914,-0.0450874588725947,-0.0255288027776359,-0.0177540078652809,-0.00431957691443685,-0.00663771446609873,-0.0284635175790289,-0.0324024848650408
"296",0.0218364962671136,0.00235227316367315,0.0348696299516895,-0.00749067172915741,-0.00456555556464799,-0.0244084652331109,0.0242348909897951,0.00153564297038411,0.00525487275408842,0.0232832081812404
"297",-0.0102589542431013,-0.023546414973346,-0.00298953884836539,-0.0180568211290573,-0.0165562362318807,0.00211567823234216,-0.0206339338227632,0.00941849263583761,-0.0145711045572576,-0.0198585124027018
"298",0.0607092691035329,0.00980288914126604,0.0213278584175844,-0.00568132226325302,0.030987194837218,0.0153795203228331,0.00358812787271301,-0.0015213332670152,0.0208407015763155,0.0279809017310058
"299",0.0127818688096011,-0.0110637135032441,0.00549476558914996,0.00995938520279482,-0.00225776273714207,-0.0136198858348759,-0.00286950812530806,0.00202793046704208,-0.0106818130032775,-0.0204876372373786
"300",-0.00581011994745095,-0.00172187981461303,0.0262356137380433,-0.00596376734578863,0.000797415782515465,-0.00281686028852413,-0.00407914595753178,0.00379117626227377,-0.00189693701204519,-0.0133222099929977
"301",-0.0142197915500768,0.0142590676569396,0.0118544477497107,-0.00677126033018904,0.0214242919060972,0.0240387601124299,0.00885700428536573,0,0.0303368174288714,0.0542120098470242
"302",0.00769931654578038,-0.00818839123384052,-0.00528894759029619,-0.00293825988421803,-0.00757087321257988,-0.00137786412525731,-0.00693536021648189,0.00528367288123954,-0.00636489929861606,0.00195249338367098
"303",0.00920630351595175,0.00342001071588793,-0.0282642944092792,-0.0151364555578279,-0.0147838327674892,0.00103354976631653,-0.0147469564558196,0.00350709788522785,-0.0124353617822308,0.0576880971977696
"304",0.0170640515692715,0.000796310749759499,0.0164607190135992,-0.00947871996273708,0.0188374187662799,0.000688510206307669,-0.0102816567850113,-0.00275449295402108,0.00996064547592379,0.035817625120794
"305",0.0182892139437918,0.000341069626094814,0.00897887426030763,-0.00892865273807164,-0.000652639180688475,0.00788346085613068,0.0185281294365134,-0.0228262895410056,0.0192234679193501,-0.0209935232199667
"306",-0.00671065535190918,-0.00524276418192837,-0.00783777299303612,-0.0135442278847484,-0.0224491744699451,-0.00822765670349757,-0.0097088509839387,0.0175465060332116,-0.016130969370308,-0.00151295127136386
"307",0.0189333810210797,0.0021687676214297,0.0107753204806444,-0.0263172835466117,0.0140567914632488,-0.0573812228508936,0.0128439615450686,-0.00505426776695295,0.028010705666611,-0.0139251400918026
"308",0.00191632457133784,-0.00228307121687266,0.00920837165753419,-0.0112294510893434,0.00617003863376731,0.0421190679484962,-0.00192812826181354,-0.0038076330844925,0.000600352069359822,0.0132183223218592
"309",0.0114214636148295,0.0109116687269921,0.0190439903614825,-0.0400638432982072,0.0316873366474955,0.0152621549023975,0.0143714682877683,0.00608525395101323,0.0394206995798978,0.00904985079398113
"310",-0.00210523181166034,-0.00237676627715544,0.00514141280243763,0.00699306207422623,-0.012246600886944,0.00103212738998604,-0.00979813918638195,-0.0155397495642222,-0.0268969845651061,0.0324991225475939
"311",-0.00189853767150394,-0.00796360222423154,-0.000436548245075663,-0.0390813628043598,-0.0169573045206661,-0.0349930750026308,0.00120002986321799,0.00996302493518941,-0.0111244205797929,-0.0381205506613602
"312",0.0119636160754131,-0.00137161690585863,-0.00120147040814089,-0.00800299733549847,0.00104386533084977,-0.0237848170323947,0.00191713051606612,0.00279224979167747,0.00518029289095523,-0.00859327432301527
"313",-0.00501991602472662,-0.00608042685294841,-0.0157518298740316,0.0148634874899276,-0.00588579212021489,-0.00145994337633137,-0.00841457770781417,-0.0119853842954241,-0.0206813670358956,-0.00162581107819815
"314",-0.0107516230660689,-0.00380471812787597,0.00476270829843628,-0.000900063988098498,-0.00196968773246553,-0.00182782000189174,-0.00193325381574994,-0.00514406399900347,-0.0046771724691741,-0.0229398873153768
"315",0.0090727555783876,0.00483981325976224,0.0233711565303807,0.0187322049648984,0.013966156282625,0.00801758032426569,0.00602919947901093,-0.00077386253750289,0.0117528812184333,0.00104002585039176
"316",0.0127310620420653,-0.0114458487087461,0.00506058921934383,-0.0283224130031745,0.00890379224387239,0.00145083050806871,0.00718736296492262,0.00514803610506354,0.00422151775759305,0.0253516043631095
"317",0.000414689144705882,0.000813618862205878,-0.0010745592334791,0.0265533998476348,-0.00128549288621294,-0.0105666639160784,0.00262249789476554,0.00843666050488157,0.00659808122145744,0
"318",0.00599355105052934,-0.00302539374798627,-0.0255907513155416,-0.0495429180723339,-0.00852603064349378,-0.0103093244811001,-0.0117352966536615,0.0191635249030369,-0.0148567616473847,0.0263055110688626
"319",0.0157419273096524,0.00360618302093396,0.0112970627819697,-0.000558272629296752,0.0179999907300745,0.0081090811650526,0.0114972130394069,-0.0217125570068726,0.0144581079101287,0.0481788726762398
"320",-0.00142088110155969,0.00382447243979556,-0.00426252766202673,0.0289875003534403,0.00394223884594869,-0.00626031015434236,0.00498870445198607,0.00280363656669325,0.0173917636913403,-0.000941233984929291
"321",0.0101051790500275,-0.00708112116805282,-0.0132306733476284,0.0118642387049763,0.00101486535662687,-0.00965117370683899,0.00165738628711543,0.001017576127742,-0.00235391924421702,0.0433048280434845
"322",-0.0052419136064259,0.00418508660601979,-0.0143083012508338,0.0254071964718845,-0.0190726484564268,0.00706189099064414,-0.00284290475919136,-0.00331086674074266,-0.00196576584278008,-0.0269607794246625
"323",-0.00587940692191236,0.0167955945005263,0.0100818768296387,-0.0188170444963016,0.0141155442538512,-0.00743497848751851,0.00732771406397204,-0.00153181988528939,0.0163938128270145,-0.0161086570544287
"324",0.00446341208878476,-0.00572018467459134,-0.00323752348715978,-0.000710369672063837,0.00748967419178115,-0.0112571545246345,0.00352654712296374,0.00433402799480254,0.0134591679845286,0.0161086570544287
"325",-0.100872212086758,-0.00875785862171341,-0.0158921765259041,-0.0336014376875453,0.0124427908464488,-0.0121490191377394,0.00164145174791575,-0.00178229689712639,0.0664941807383639,0.00277523819188819
"326",-0.0547641108651997,-0.0150431488104497,-0.0402209118059318,0.0456093568665601,-0.0450935181985388,-0.0505296219968958,-0.0817428005839753,-0.0247691427755878,-0.0360235343272794,-0.00161796456631169
"327",0.00683564054110652,0.0117971597284656,0.0188629639130147,0.141050837770268,0.0254158199171819,-0.00442920334113772,0.0163916846225369,-0.00445080379466578,0.0150765809221047,-0.00510200945556516
"328",-0.0153867763382158,0.00440270954917299,0.0165749051719137,0.00152320635097913,-0.00152986705875158,0.00322322211771287,0.015388711402025,-0.00052494640479539,0.00364300520075389,-0.0171185288564111
"329",0.0186700670844275,-0.00719347290888006,0.0152933992795186,0.0603918671067043,0.0116694093948952,-0.0227837602876138,0.00393313815079699,0.00680270352853141,0.0104902720263746,-0.0102223351946718
"330",0.052229426352846,0.0105404771759652,-0.00281452489300893,-0.0113842415501177,0.00251885453577927,0.0187531221206019,0.0196775787480363,-0.0178905149288484,0.0188919813506372,0.0182318583765424
"331",0.00752715867447762,0.00115152562177911,-0.00667381410435386,0.0531972316309992,0.0248459985865308,0.0144348569841757,-0.00433945490900767,-0.00987066690054972,0.0161124672681101,0.0118951270448466
"332",-0.0300000145265362,-0.00739288791522874,-0.00238621875540179,-0.0106376172122036,0.000613346242127832,-0.018076411280334,0.00554150428769162,0.00774475543972608,0.000347411106622175,-0.0118951270448466
"333",0.00611762316605668,0.00681724692785401,0.0283762520767166,-0.00976974879415371,0.0024494432884179,-0.0167589894962807,0.0119418666049338,-0.00694071965837662,0.0134554171287586,0.00117247049587643
"334",0.00045168152198638,0.0117911779257627,-0.00721385436992517,-0.0293176707664422,0.0144516744766845,0.0175693499618248,0.0129733923810029,0.00187340324240814,-0.0110269790586015,0.0185749472743044
"335",0.00293083863857424,0.0162549555943938,0.0232299831134135,0.0934177199470843,0.0119848027365324,-0.0122250914333257,0.0051426300102464,-0.00294552647710633,0.0134229991834385,-0.0261026519841439
"336",0.00605995497121281,0.00891771666087138,0.0167273423373846,0.0133283599711187,-0.00286334595581739,0.00897970200075715,0.0118207919666964,0.0141128364188674,0.00477488598563891,-0.000472395403009251
"337",0.00245839017494953,-0.00122148269008626,-0.0143360235815031,-0.00559715487793655,-0.0169893362915197,-0.00447977165323987,-0.0143888011450346,-0.0154545576806711,-0.0175051746982078,-0.00663663927609726
"338",0.00866767064287943,0.0179490286721533,-0.00206490800606751,0.112591811758891,0.00690283927207158,0.033711033255825,0.00350021422532842,0,0.00964861694238017,0.0292932485894868
"339",-0.0165108139100143,0.00944994551596068,-0.0258981745404263,-0.0262333523134592,0.00541611666642261,-0.0015797550730321,0.00881269758978709,0.0151901567432056,-0.0155524396635016,0.0235089862117901
"340",-0.00225230477370486,-0.00923165358368649,0.00988731484891581,0.0329752334733211,-0.00710713516456796,-0.0123286753104459,-0.00602137378337098,-0.000529112635575313,0.00763366729263382,-0.0150002257698656
"341",0.00920217159426473,-0.000982522514877182,-0.00110605557443133,0.0183659718545144,0.00794701399494357,0.013118864800191,-0.0107427256337305,-0.00663748604169578,-0.000345729608142165,0.0246535016294498
"342",-0.0182622044540204,-0.013414178730323,-0.000996556232103707,0.0948758082662291,-0.0360211948018314,-0.0215576967068163,-0.0390235291383281,-0.0239935855799476,-0.0355483578475768,0.00200869142498661
"343",-0.0204581176617298,-0.0225004682027485,-0.00366233363497059,-0.0598942578442214,-0.0431923041925195,-0.0121804184059471,-0.0411169840108396,-0.0190062858226479,-0.0708885040596079,0.00533689039189245
"344",-0.0030236344835628,0.00789355638769251,-0.00904686116022901,-0.00793918825852247,-0.00651213564658004,0.0133903521942838,0.0153984312064881,-0.00669639396129806,0,0.0178046381698023
"345",-0.00350021422532842,-0.00371352296428995,0.00201748903231547,-0.0137103340811793,0.00482309148279558,0,-0.000501043436762494,-0.00336519518630052,0.005752637901697,0.023682484643559
"346",-0.011993049711609,-0.00667381410435386,0.00246031465201391,-0.0197217983680789,-0.000910683641885512,-0.0211821044183482,-0.00276071469057859,-0.00619887607477532,0.0079985568655867,-0.0252087298244863
"347",-0.00903050501961244,0.000453885348114191,0.0162857555053559,-0.0536094207350279,0.00285938866153224,-0.00868308477235846,-0.00025140470834506,-0.00424873956187133,0.00906349733985445,0.00283259437504313
"348",-0.0212312219128679,-0.00797275958646981,-0.0157274052972554,-0.033651775178472,-0.0145110144208207,-0.019287835265045,-0.0146874764803147,-0.014870175862348,-0.0132452410909876,0.0375791565496346
"349",-0.00390911452294063,0.00479131419764922,0.0304535889028728,-0.0626251326958127,0.0032866655757724,0.030027264634322,0.00331086674074221,0.012312261892589,0.00607673149375199,-0.00905177906103294
"350",0.00488403336002863,0.00261403485719569,0.0116268059487545,0.0532130029382385,0.0178215463682285,0.00369083527818415,0.0121305385084569,0.00397613114834972,0.0235745645016379,-0.0162016041274144
